id,FirstName,LastName
1,0031600002CFTygAAH,0
2,0031600002CFUYNAA5,0
3,0031600002CFf6HAAT,0
4,0031600002OWZ9aAAH,0
5,0031600002OYphgAAD,0
6,0031600002S24YZAAZ,0
7,0031600002S25BnAAJ,0
8,0031600002S25HgAAJ,0
9,0031600002S25HhAAJ,0
10,0031600002S25HjAAJ,0
11,0031600002S25HkAAJ,0
12,0031600002S25HlAAJ,0
13,0031600002S25HmAAJ,0
14,0031600002S25HnAAJ,0
15,0031600002S25HoAAJ,0
16,0031600002S25HpAAJ,0
17,0031600002S25HqAAJ,0
18,0031600002S25HrAAJ,0
19,0031600002S25HsAAJ,0
20,0031600002S25HtAAJ,0
21,0031600002S25HuAAJ,0
22,0031600002S25HvAAJ,0
23,0031600002S25HwAAJ,0
24,0031600002S25HxAAJ,0
25,0031600002S25HyAAJ,0
26,0031600002S25HzAAJ,0
27,0031600002S25I0AAJ,0
28,0031600002S25I1AAJ,0
29,0031600002S25I3AAJ,0
30,0031600002S25I4AAJ,0
31,0031600002S25I5AAJ,0
32,0031600002S25I6AAJ,0
33,0031600002S25I7AAJ,0
34,0031600002S25I8AAJ,0
35,0031600002S25I9AAJ,0
36,0031600002S25IAAAZ,0
37,0031600002S25IBAAZ,0
38,0031600002S25ICAAZ,0
39,0031600002S25IDAAZ,0
40,0031600002S25IEAAZ,0
41,0031600002S25IFAAZ,0
42,0031600002S25IGAAZ,0
43,0031600002S25IHAAZ,0
44,0031600002S25IIAAZ,0
45,0031600002S25IJAAZ,0
46,0031600002S25IKAAZ,0
47,0031600002S25ILAAZ,0
48,0031600002S25IMAAZ,0
49,0031600002S25IOAAZ,0
50,0031600002S25IQAAZ,0
51,0031600002S25IRAAZ,0
52,0031600002S25ISAAZ,0
53,0031600002S25ITAAZ,0
54,0031600002S25IUAAZ,0
55,0031600002S25IVAAZ,0
56,0031600002S25IWAAZ,0
57,0031600002S25IXAAZ,0
58,0031600002S25IYAAZ,0
59,0031600002S25IZAAZ,0
60,0031600002S25IaAAJ,0
61,0031600002S25IbAAJ,0
62,0031600002S25IcAAJ,0
63,0031600002S25IdAAJ,0
64,0031600002S25IeAAJ,0
65,0031600002S25IfAAJ,0
66,0031600002S25IgAAJ,0
67,0031600002S28KJAAZ,0
68,0031600002S28KKAAZ,0
69,0031600002S28KLAAZ,0
70,0031600002S28KMAAZ,0
71,0031600002S28KNAAZ,0
72,0031600002S28KOAAZ,0
73,0031600002S28KPAAZ,0
74,0031600002S28KQAAZ,0
75,0031600002S28KRAAZ,0
76,0031600002S28KSAAZ,0
77,0031600002S28KTAAZ,0
78,0031600002S28KUAAZ,0
79,0031600002S28KVAAZ,0
80,0031600002S28KWAAZ,0
81,0031600002S28KXAAZ,0
82,0031600002S2QV8AAN,0
83,0031600002S3nRqAAJ,0
84,0031600002S3nRrAAJ,0
85,0031600002S3nRsAAJ,0
86,0031600002S3nRtAAJ,0
87,0031600002S3nRvAAJ,0
88,0031600002S3nRwAAJ,0
89,0031600002S3nRyAAJ,0
90,0031600002S3nRzAAJ,0
91,0031600002S3nSZAAZ,0
92,0031600002S3nSeAAJ,0
93,0031600002S3nSjAAJ,0
94,0031600002S3nSkAAJ,0
95,0031600002S3nSlAAJ,0
96,0031600002S3nSmAAJ,0
97,0031600002S3nSoAAJ,0
98,0031600002S3nSpAAJ,0
99,0031600002S3nSrAAJ,0
100,0031600002S3nSsAAJ,0
101,0031600002S3nStAAJ,0
102,0031600002S3nSuAAJ,0
103,0031600002S3nSvAAJ,0
104,0031600002S3nSwAAJ,0
105,0031600002S3nSxAAJ,0
106,0031600002S3nT9AAJ,0
107,0031600002S3nTJAAZ,0
108,0031600002S3nTKAAZ,0
109,0031600002S3nTTAAZ,0
110,0031600002S3nUMAAZ,0
111,0031600002S3nUSAAZ,0
112,0031600002S3nUgAAJ,0
113,0031600002S3rbAAAR,0
114,0031600002S3rbaAAB,0
115,0031600002S3rboAAB,0
116,0031600002S43pvAAB,0
117,0031600002S43uGAAR,0
118,0031600002S43yxAAB,0
119,0031600002S440yAAB,0
120,0031600002S4434AAB,0
121,0031600002S446DAAR,0
122,0031600002S44AiAAJ,0
123,0031600002S44CPAAZ,0
124,0031600002S44DhAAJ,0
125,0031600002S44GGAAZ,0
126,0031600002S48CiAAJ,0
127,0031600002S4ETfAAN,0
128,0031600002S4J2UAAV,0
129,0031600002S4JgRAAV,0
130,0031600002S4LZ5AAN,0
131,0031600002S4LZyAAN,0
132,0031600002S4LbtAAF,0
133,0031600002VH6roAAD,0
134,0031600002VH6zxAAD,0
135,0031600002VH6zyAAD,0
136,0031600002VH6zzAAD,0
137,0031600002VH700AAD,0
138,0031600002VH701AAD,0
139,0031600002VH702AAD,0
140,0031600002VH703AAD,0
141,0031600002VH704AAD,0
142,0031600002VH705AAD,0
143,0031600002VH706AAD,0
144,0031600002VH707AAD,0
145,0031600002VH708AAD,0
146,0031600002VH709AAD,0
147,0031600002VH70AAAT,0
148,0031600002VH70BAAT,0
149,0031600002VH70CAAT,0
150,0031600002VH70DAAT,0
151,0031600002VH70EAAT,0
152,0031600002VH70FAAT,0
153,0031600002VH70GAAT,0
154,0031600002VH70HAAT,0
155,0031600002VH70IAAT,0
156,0031600002VH70JAAT,0
157,003G000000xDHjoIAG,0
158,003G000000xDHjpIAG,0
159,003G000000xDHjqIAG,0
160,0031600002CFTygAAH,0
161,0031600002CFUYNAA5,0
162,0031600002CFf6HAAT,0
163,0031600002OWZ9aAAH,0
164,0031600002OYphgAAD,0
165,0031600002S24YZAAZ,0
166,0031600002S25BnAAJ,0
167,0031600002S25HgAAJ,0
168,0031600002S25HhAAJ,0
169,0031600002S25HjAAJ,0
170,0031600002S25HkAAJ,0
171,0031600002S25HlAAJ,0
172,0031600002S25HmAAJ,0
173,0031600002S25HnAAJ,0
174,0031600002S25HoAAJ,0
175,0031600002S25HpAAJ,0
176,0031600002S25HqAAJ,0
177,0031600002S25HrAAJ,0
178,0031600002S25HsAAJ,0
179,0031600002S25HtAAJ,0
180,0031600002S25HuAAJ,0
181,0031600002S25HvAAJ,0
182,0031600002S25HwAAJ,0
183,0031600002S25HxAAJ,0
184,0031600002S25HyAAJ,0
185,0031600002S25HzAAJ,0
186,0031600002S25I0AAJ,0
187,0031600002S25I1AAJ,0
188,0031600002S25I3AAJ,0
189,0031600002S25I4AAJ,0
190,0031600002S25I5AAJ,0
191,0031600002S25I6AAJ,0
192,0031600002S25I7AAJ,0
193,0031600002S25I8AAJ,0
194,0031600002S25I9AAJ,0
195,0031600002S25IAAAZ,0
196,0031600002S25IBAAZ,0
197,0031600002S25ICAAZ,0
198,0031600002S25IDAAZ,0
199,0031600002S25IEAAZ,0
200,0031600002S25IFAAZ,0
201,0031600002S25IGAAZ,0
202,0031600002S25IHAAZ,0
203,0031600002S25IIAAZ,0
204,0031600002S25IJAAZ,0
205,0031600002S25IKAAZ,0
206,0031600002S25ILAAZ,0
207,0031600002S25IMAAZ,0
208,0031600002S25IOAAZ,0
209,0031600002S25IQAAZ,0
210,0031600002S25IRAAZ,0
211,0031600002S25ISAAZ,0
212,0031600002S25ITAAZ,0
213,0031600002S25IUAAZ,0
214,0031600002S25IVAAZ,0
215,0031600002S25IWAAZ,0
216,0031600002S25IXAAZ,0
217,0031600002S25IYAAZ,0
218,0031600002S25IZAAZ,0
219,0031600002S25IaAAJ,0
220,0031600002S25IbAAJ,0
221,0031600002S25IcAAJ,0
222,0031600002S25IdAAJ,0
223,0031600002S25IeAAJ,0
224,0031600002S25IfAAJ,0
225,0031600002S25IgAAJ,0
226,0031600002S28KJAAZ,0
227,0031600002S28KKAAZ,0
228,0031600002S28KLAAZ,0
229,0031600002S28KMAAZ,0
230,0031600002S28KNAAZ,0
231,0031600002S28KOAAZ,0
232,0031600002S28KPAAZ,0
233,0031600002S28KQAAZ,0
234,0031600002S28KRAAZ,0
235,0031600002S28KSAAZ,0
236,0031600002S28KTAAZ,0
237,0031600002S28KUAAZ,0
238,0031600002S28KVAAZ,0
239,0031600002S28KWAAZ,0
240,0031600002S28KXAAZ,0
241,0031600002S2QV8AAN,0
242,0031600002S3nRqAAJ,0
243,0031600002S3nRrAAJ,0
244,0031600002S3nRsAAJ,0
245,0031600002S3nRtAAJ,0
246,0031600002S3nRvAAJ,0
247,0031600002S3nRwAAJ,0
248,0031600002S3nRyAAJ,0
249,0031600002S3nRzAAJ,0
250,0031600002S3nSZAAZ,0
251,0031600002S3nSeAAJ,0
252,0031600002S3nSjAAJ,0
253,0031600002S3nSkAAJ,0
254,0031600002S3nSlAAJ,0
255,0031600002S3nSmAAJ,0
256,0031600002S3nSoAAJ,0
257,0031600002S3nSpAAJ,0
258,0031600002S3nSrAAJ,0
259,0031600002S3nSsAAJ,0
260,0031600002S3nStAAJ,0
261,0031600002S3nSuAAJ,0
262,0031600002S3nSvAAJ,0
263,0031600002S3nSwAAJ,0
264,0031600002S3nSxAAJ,0
265,0031600002S3nT9AAJ,0
266,0031600002S3nTJAAZ,0
267,0031600002S3nTKAAZ,0
268,0031600002S3nTTAAZ,0
269,0031600002S3nUMAAZ,0
270,0031600002S3nUSAAZ,0
271,0031600002S3nUgAAJ,0
272,0031600002S3rbAAAR,0
273,0031600002S3rbaAAB,0
274,0031600002S3rboAAB,0
275,0031600002S43pvAAB,0
276,0031600002S43uGAAR,0
277,0031600002S43yxAAB,0
278,0031600002S440yAAB,0
279,0031600002S4434AAB,0
280,0031600002S446DAAR,0
281,0031600002S44AiAAJ,0
282,0031600002S44CPAAZ,0
283,0031600002S44DhAAJ,0
284,0031600002S44GGAAZ,0
285,0031600002S48CiAAJ,0
286,0031600002S4ETfAAN,0
287,0031600002S4J2UAAV,0
288,0031600002S4JgRAAV,0
289,0031600002S4LZ5AAN,0
290,0031600002S4LZyAAN,0
291,0031600002S4LbtAAF,0
292,0031600002VH6roAAD,0
293,0031600002VH6zxAAD,0
294,0031600002VH6zyAAD,0
295,0031600002VH6zzAAD,0
296,0031600002VH700AAD,0
297,0031600002VH701AAD,0
298,0031600002VH702AAD,0
299,0031600002VH703AAD,0
300,0031600002VH704AAD,0
301,0031600002VH705AAD,0
302,0031600002VH706AAD,0
303,0031600002VH707AAD,0
304,0031600002VH708AAD,0
305,0031600002VH709AAD,0
306,0031600002VH70AAAT,0
307,0031600002VH70BAAT,0
308,0031600002VH70CAAT,0
309,0031600002VH70DAAT,0
310,0031600002VH70EAAT,0
311,0031600002VH70FAAT,0
312,0031600002VH70GAAT,0
313,0031600002VH70HAAT,0
314,0031600002VH70IAAT,0
315,0031600002VH70JAAT,0
316,003G000000xDHjoIAG,0
317,003G000000xDHjpIAG,0
318,003G000000xDHjqIAG,0
319,test,0
320,0031600002CFTygAAH,0
321,0031600002CFUYNAA5,0
322,0031600002CFf6HAAT,0
323,0031600002OWZ9aAAH,0
324,0031600002OYphgAAD,0
325,0031600002S24YZAAZ,0
326,0031600002S25BnAAJ,0
327,0031600002S25HgAAJ,0
328,0031600002S25HhAAJ,0
329,0031600002S25HjAAJ,0
330,0031600002S25HkAAJ,0
331,0031600002S25HlAAJ,0
332,0031600002S25HmAAJ,0
333,0031600002S25HnAAJ,0
334,0031600002S25HoAAJ,0
335,0031600002S25HpAAJ,0
336,0031600002S25HqAAJ,0
337,0031600002S25HrAAJ,0
338,0031600002S25HsAAJ,0
339,0031600002S25HtAAJ,0
340,0031600002S25HuAAJ,0
341,0031600002S25HvAAJ,0
342,0031600002S25HwAAJ,0
343,0031600002S25HxAAJ,0
344,0031600002S25HyAAJ,0
345,0031600002S25HzAAJ,0
346,0031600002S25I0AAJ,0
347,0031600002S25I1AAJ,0
348,0031600002S25I3AAJ,0
349,0031600002S25I4AAJ,0
350,0031600002S25I5AAJ,0
351,0031600002S25I6AAJ,0
352,0031600002S25I7AAJ,0
353,0031600002S25I8AAJ,0
354,0031600002S25I9AAJ,0
355,0031600002S25IAAAZ,0
356,0031600002S25IBAAZ,0
357,0031600002S25ICAAZ,0
358,0031600002S25IDAAZ,0
359,0031600002S25IEAAZ,0
360,0031600002S25IFAAZ,0
361,0031600002S25IGAAZ,0
362,0031600002S25IHAAZ,0
363,0031600002S25IIAAZ,0
364,0031600002S25IJAAZ,0
365,0031600002S25IKAAZ,0
366,0031600002S25ILAAZ,0
367,0031600002S25IMAAZ,0
368,0031600002S25IOAAZ,0
369,0031600002S25IQAAZ,0
370,0031600002S25IRAAZ,0
371,0031600002S25ISAAZ,0
372,0031600002S25ITAAZ,0
373,0031600002S25IUAAZ,0
374,0031600002S25IVAAZ,0
375,0031600002S25IWAAZ,0
376,0031600002S25IXAAZ,0
377,0031600002S25IYAAZ,0
378,0031600002S25IZAAZ,0
379,0031600002S25IaAAJ,0
380,0031600002S25IbAAJ,0
381,0031600002S25IcAAJ,0
382,0031600002S25IdAAJ,0
383,0031600002S25IeAAJ,0
384,0031600002S25IfAAJ,0
385,0031600002S25IgAAJ,0
386,0031600002S28KJAAZ,0
387,0031600002S28KKAAZ,0
388,0031600002S28KLAAZ,0
389,0031600002S28KMAAZ,0
390,0031600002S28KNAAZ,0
391,0031600002S28KOAAZ,0
392,0031600002S28KPAAZ,0
393,0031600002S28KQAAZ,0
394,0031600002S28KRAAZ,0
395,0031600002S28KSAAZ,0
396,0031600002S28KTAAZ,0
397,0031600002S28KUAAZ,0
398,0031600002S28KVAAZ,0
399,0031600002S28KWAAZ,0
400,0031600002S28KXAAZ,0
401,0031600002S2QV8AAN,0
402,0031600002S3nRqAAJ,0
403,0031600002S3nRrAAJ,0
404,0031600002S3nRsAAJ,0
405,0031600002S3nRtAAJ,0
406,0031600002S3nRvAAJ,0
407,0031600002S3nRwAAJ,0
408,0031600002S3nRyAAJ,0
409,0031600002S3nRzAAJ,0
410,0031600002S3nSZAAZ,0
411,0031600002S3nSeAAJ,0
412,0031600002S3nSjAAJ,0
413,0031600002S3nSkAAJ,0
414,0031600002S3nSlAAJ,0
415,0031600002S3nSmAAJ,0
416,0031600002S3nSoAAJ,0
417,0031600002S3nSpAAJ,0
418,0031600002S3nSrAAJ,0
419,0031600002S3nSsAAJ,0
420,0031600002S3nStAAJ,0
421,0031600002S3nSuAAJ,0
422,0031600002S3nSvAAJ,0
423,0031600002S3nSwAAJ,0
424,0031600002S3nSxAAJ,0
425,0031600002S3nT9AAJ,0
426,0031600002S3nTJAAZ,0
427,0031600002S3nTKAAZ,0
428,0031600002S3nTTAAZ,0
429,0031600002S3nUMAAZ,0
430,0031600002S3nUSAAZ,0
431,0031600002S3nUgAAJ,0
432,0031600002S3rbAAAR,0
433,0031600002S3rbaAAB,0
434,0031600002S3rboAAB,0
435,0031600002S43pvAAB,0
436,0031600002S43uGAAR,0
437,0031600002S43yxAAB,0
438,0031600002S440yAAB,0
439,0031600002S4434AAB,0
440,0031600002S446DAAR,0
441,0031600002S44AiAAJ,0
442,0031600002S44CPAAZ,0
443,0031600002S44DhAAJ,0
444,0031600002S44GGAAZ,0
445,0031600002S48CiAAJ,0
446,0031600002S4ETfAAN,0
447,0031600002S4J2UAAV,0
448,0031600002S4JgRAAV,0
449,0031600002S4LZ5AAN,0
450,0031600002S4LZyAAN,0
451,0031600002S4LbtAAF,0
452,0031600002VH6roAAD,0
453,0031600002VH6zxAAD,0
454,0031600002VH6zyAAD,0
455,0031600002VH6zzAAD,0
456,0031600002VH700AAD,0
457,0031600002VH701AAD,0
458,0031600002VH702AAD,0
459,0031600002VH703AAD,0
460,0031600002VH704AAD,0
461,0031600002VH705AAD,0
462,0031600002VH706AAD,0
463,0031600002VH707AAD,0
464,0031600002VH708AAD,0
465,0031600002VH709AAD,0
466,0031600002VH70AAAT,0
467,0031600002VH70BAAT,0
468,0031600002VH70CAAT,0
469,0031600002VH70DAAT,0
470,0031600002VH70EAAT,0
471,0031600002VH70FAAT,0
472,0031600002VH70GAAT,0
473,0031600002VH70HAAT,0
474,0031600002VH70IAAT,0
475,0031600002VH70JAAT,0
476,003G000000xDHjoIAG,0
477,003G000000xDHjpIAG,0
478,003G000000xDHjqIAG,0
479,test,0
